Company,Address,City,State,Zip Code,Phone
"BERMUDA PAINT COMPANY, LTD.",9 WATLINGTON ROAD,DEVONSHIRE DVBX BM,DV,06,DEVONSHIRE DVBX BM DV06
,ICP BUILDING SOLUTIONS GROUP,150 DASCOMB,RO,AD,ANDOVER MA 01810
,HARRISON PAINT,1329 HARRISON AVE.,SW,,CANTON OH 44706
,HARRISON PAINT,5156 WHIPPLE AVE.,NW,,CANTON OH 44718
,"HCI CHEMTEC, INC.",310 SOUTH BELLIS,ST,REET,WAUSAU WI 54403
,"RUDD COMPANY, INC.",1141 NW 50TH,ST,REET,SEATTLE WA 98107
,"TCI COATINGS, INC.",4501 BRADLEY,ST,REET,LUBBOCK TX 79415
,"TCI COATINGS, INC.",220 INDUSTRIAL,BL,VD.,AUSTIN TX 78745
,A & E PAINTS,2160 EL JOBEAN,RO,AD,PORT CHARLOTTE FL 33948
,A & E PAINTS,4760 TAMIAMI,TR,AIL,PORT CHARLOTTE FL 33980
,"A & M PAINT & WALLPAPER, CORP.",620 PEVERLY HILL,RD,,PORTSMOUTH NH 03801
,ADELAIDE'S PAINT & DECOR,101 PALMETTO,ST,REET,ST. SIMONS ISLAND GA 31522
,"ADLER BROS., INC.",173 WICKENDEN,ST,REET,PROVIDENCE RI 02903
,AL SMITH PAINT & DECORATING CENTER,5517 BRIDGETOWN,RO,AD,CINCINNATI OH 45248
,AL SMITH PAINT & DECORATING CENT,1157 STONE,DR,IVE,HARRISON OH 45030
,ALPINE PAINT OF MAMMOTH (BILLING & PRIMARY SHIPPING),89 LAUREL MOUNTAIN RD/P.O. BOX,75,22,MAMMOTH LAKES CA 93546
,ALPINE PAINT OF BISHOP,130 WHITNEY,AL,LEY,BISHOP CA 93514