Company,Address,City,State,Zip Code,Phone
"BERMUDA PAINT COMPANY, LTD.",9 WATLINGTON ROAD,DEVONSHIRE DVBX BM,DV,06,DEVONSHIRE DVBX BM DV06
' # here,DAYS PAINTING SUPPLIES 1974 LTD,12225 118 AVENUE,NW,,EDMONTON AB T5L 2J9
COLOURTREND  WATERFORD,TRAMORE ROAD,COUNTY WATERFORD IE,IR,ELAND,COUNTY WATERFORD IE IRELAND
COLOURTREND  MULLINGAR,25 LOUGH SHEEVER PARK,COUNTY WESTMEATH IE,IR,ELAND,COUNTY WESTMEATH IE IRELAND
COLOURTREND  DUNDALK,22B NORTH LINK RETAIL PARK,COUNTY LOUTH IE,IR,ELAND,COUNTY LOUTH IE IRELAND
GLECO PAINT AND WALLCOVERING,3055 ROUTE 940,MOUNT POCONO PA,18,344,MOUNT POCONO PA 18344
PAT MCDONNELL PAINT SALES LTD.,BACHELORS QUAY,CORK IE,IR,ELAND,CORK IE IRELAND
JC LICHT  JEFFERSON PARK,5514 N MILWAUKEE AVENUE,CHICAGO IL,60,630,CHICAGO IL 60630
PAINT SHOP GOOSE BAY,"BOX 1049, 167 HAMILTON RIVER RD",GOOSE BAY NL A0P,1E,0,GOOSE BAY NL A0P 1E0
MOYERS PAINT CO.,351 LEWELLING BLVD,SAN LORENZO CA,94,580,SAN LORENZO CA 94580
ABOFF'S PAINTS,55 MIDDLE COUNTRY RD,CORAM NY,11,727,CORAM NY 11727
ANCHOR ACE HARDWARE,267 COTUIT ROAD,SANDWICH MA,02,563,SANDWICH MA 02563
LDM GROUP LTD.  CROYDON (WAREHOUSE),25 PROGRESS WAY,"CROYDON, LONDON UK CR0",4X,D,"CROYDON, LONDON UK CR0 4XD"
LDM GROUP LTD.  BRIXTON,9496 ACRE LANE,"BRIXTON, LONDON UK SW2",5Q,N,"BRIXTON, LONDON UK SW2 5QN"
LDM GROUP LTD.  WANDSWORTH,152156 GARRATT LANE,"WANDSWORTH, LONDON UK SW18",4D,A,"WANDSWORTH, LONDON UK SW18 4DA"
"RING'S END, INC.",85 BRADLEY ROAD,MADISON CT,06,443,MADISON CT 06443
JOHN BOYLE DECORATING CENTERS,714 FARMINGTON AVENUE,BRISTOL CT,06,010,BRISTOL CT 06010
COLOURTREND  BELFAST,BOUCHER ROAD,BELFAST IE,IR,ELAND,BELFAST IE IRELAND
COLOURTREND  NEWBRIDGE,BALLYMANY SHOPPING CENTRE,KILDARE IE,IR,ELAND,KILDARE IE IRELAND
SOUTH BURNABY PAINT,8601 GLENLYON PARKWAY UNIT #92,BURNABY BC V5J,0H,6,BURNABY BC V5J 0H6
LDM GROUP LTD.  KINGSTON,188190 KINGSTON ROAD,LONDON UK KT3,3R,J,LONDON UK KT3 3RJ
SARASOTA PAINT NOKOMIS,221 S. TAMIAMI TRAIL,NOKOMIS FL,34,275,NOKOMIS FL 34275
AMERICAN PAINT SUPPLIES INC.,"6100 SHIRLEY STREET, UNIT #2",NAPLES FL,34,109,NAPLES FL 34109
PETER ROBBINS DECORATORS MERCHANTS  LYMINGTON,GORDLETON INDUSTRIAL ESTATE HANNAH WAY,LYMINGTON UK,SO,418JD,LYMINGTON UK SO418JD
PETER ROBBINS DECORATORS MERCHANTS  FERNDOWN,UNIT 3 & 4 COBHAM RD.,FERNDOWN UK BH21,7R,S,FERNDOWN UK BH21 7RS
FARRELLCALHOUN,"2605 ADAIR DRIVE, SUITE #102",KNOXVILLE TN,37,918,KNOXVILLE TN 37918
CATALINA PAINTS  STUDIO CITY,12324 VENTURA BLVD,STUDIO CITY CA,91,604,STUDIO CITY CA 91604
PELLERIN PAINTING (1998) LTD.,1143 FISHER STREET,NORTH BAY ON P1B,2G,8,NORTH BAY ON P1B 2G8
SPECTRUM PAINT GREENVILLE,7641 PELHAM ROAD,GREENVILLE SC,26,915,GREENVILLE SC 26915
PURCELL'S WALLPAPER & PAINT,5785 E CIRCLE DRIVE,CICERO NY,13,039,CICERO NY 13039
FLORIDA PAINTS & COATINGS  VERO BEACH,925 B 14TH LANE,VERO BEACH FL,32,960,VERO BEACH FL 32960
ATLANTIC PAINT  BURNABY,6791 HASTINGS STREET,BURNABY BC V5B,1S,6,BURNABY BC V5B 1S6
